Posting Date,Document No.,Description,Debit,Credit
2026-08-03,INV-004581,Copy paper A4,,1240.00
2026-08-05,INV004582,Toner cartridges,,318.50
2026-08-08,INV-4583,Office chairs,,2075.00
2026-08-09,PAY-88120,Payment to Harbour Lane,2150.00,
2026-08-12,INV-004588,Desk lamps,,546.00
2026-08-15,4590,Markers,,96.10
2026-08-24,INV-004601,Printer paper A3,,212.40
2026-08-26,INV-004601,Printer paper A3,,212.40
2026-08-27,INV-004605,Coffee supplies,,145.00
2026-08-29,INV-004609,Keyboards,,890.00
2026-08-30,INV4612,Network cables,,75.00
2026-08-30,4612,Cables,,75.00
2026-08-30,PAY-88190,Payment to Harbour Lane,1000.00,
2026-08-31,INV-004615,Stationery,,260.00
